{
  "project_info": {
    "project_number": "343045768247",
    "project_id": "pr-20-iusov",
    "storage_bucket": "pr-20-iusov.appspot.com"
  },
  "client": [
    {
      "client_info": {
        "mobilesdk_app_id": "1:343045768247:android:b8fbfe9c8c295b0d6cabb2",
        "android_client_info": {
          "package_name": "com.example.pr20_iusov"
        }
      },
      "oauth_client": [],
      "api_key": [
        {
          "current_key": "AIzaSyBpAoSgd9OM_CrLM2_v3vECflwhqzb4jBU"
        }
      ],
      "services": {
        "appinvite_service": {
          "other_platform_oauth_client": []
        }
      }
    }
  ],
  "configuration_version": "1"
}